clip_id,language,condition,model,vocab,reference,hypothesis,wer_raw,cer_raw,wer,cer,kw_expected,kw_found,kw_false_alarms,audio_s,latency_s,rtf,cached,error
hi_001,hi,clean,whisper-large-v3,none,मेरी EMI अगले सोमवार को कटेगी,मेरी EMI अगले समवार को कठेगी,0.3333,0.069,0.3333,0.069,1,1,0,4.63,0.388,0.084,no,
hi_001,hi,telephony,whisper-large-v3,none,मेरी EMI अगले सोमवार को कटेगी,मेरी EMI अगले समवार को कटेगी,0.1667,0.0345,0.1667,0.0345,1,1,0,4.63,0.443,0.096,no,
hi_001,hi,telephony_noisy,whisper-large-v3,none,मेरी EMI अगले सोमवार को कटेगी,मेरी EMI आगले जगवार को कटीजी,0.5,0.2069,0.5,0.2069,1,1,0,4.63,0.326,0.07,no,
hi_002,hi,clean,whisper-large-v3,none,मैंने कल 1500 रुपये UPI से भेजे थे,मैंने कल 1500 रुपए UPSA बेजे थे।,0.625,0.2353,0.375,0.1471,1,0,0,4.82,0.324,0.067,no,
hi_002,hi,telephony,whisper-large-v3,none,मैंने कल 1500 रुपये UPI से भेजे थे,मैंने कल 1500 रुपए UPSA बेजे थे,0.5,0.2059,0.375,0.1471,1,0,0,4.82,0.297,0.062,no,
hi_002,hi,telephony_noisy,whisper-large-v3,none,मैंने कल 1500 रुपये UPI से भेजे थे,"लेने कल 15,000 रुपए योग पियो से बेजेते हैं",0.875,0.5588,0.75,0.5294,1,0,0,4.82,0.414,0.086,no,
hi_003,hi,clean,whisper-large-v3,none,"सुरेश जी, आपका KYC अभी तक पूरा नहीं हुआ है","सुरेश जी, आपका KYC अभी तक पूरा नहीं हुआ है।",0.1,0.0238,0.0,0.0,1,1,0,4.76,0.347,0.073,no,
hi_003,hi,telephony,whisper-large-v3,none,"सुरेश जी, आपका KYC अभी तक पूरा नहीं हुआ है",सुरेश जी आपका KYC अभी तक पूरा नहीं हुआ है।,0.2,0.0476,0.0,0.0,1,1,0,4.76,0.333,0.07,no,
hi_003,hi,telephony_noisy,whisper-large-v3,none,"सुरेश जी, आपका KYC अभी तक पूरा नहीं हुआ है",सुरेश जी आपका KYT अभी तक पूरा नहीं हुआ है,0.2,0.0476,0.1,0.0244,1,0,0,4.76,0.374,0.079,no,
hi_004,hi,clean,whisper-large-v3,none,कृपया अपना पता दोबारा बताइए,कृपया अपना पता दुबारो बताईए,0.4,0.1111,0.4,0.1111,0,0,0,3.84,0.328,0.085,no,
hi_004,hi,telephony,whisper-large-v3,none,कृपया अपना पता दोबारा बताइए,कृपया अपना बता दुबारो बताईए,0.6,0.1481,0.6,0.1481,0,0,0,3.84,0.297,0.077,no,
hi_004,hi,telephony_noisy,whisper-large-v3,none,कृपया अपना पता दोबारा बताइए,कृपया अपना बताया दुवारो बतायी,0.6,0.2963,0.6,0.2963,0,0,0,3.84,0.307,0.08,no,
kn_001,kn,clean,whisper-large-v3,none,ನನ್ನ EMI ಮುಂದಿನ ಸೋಮವಾರ ಕಟ್ ಆಗುತ್ತೆ,ನನ್ನ ಇಯಾಮ್ಮಾಯು ಮುಂದಿನು ಸೋಮ್ವಾರ ಕಟ್ಟಾಗುತ್ತೆ.,0.8333,0.4118,0.8333,0.3824,1,0,0,3.04,0.4,0.132,no,
kn_001,kn,telephony,whisper-large-v3,none,ನನ್ನ EMI ಮುಂದಿನ ಸೋಮವಾರ ಕಟ್ ಆಗುತ್ತೆ,ನನ್ನ ಇಯಾಮಾಯು ಮುಂದಿನು ಸೋಮ್ವಾರ ಕಟ್ಟಾಗುತ್ತೆ.,0.8333,0.3529,0.8333,0.3235,1,0,0,3.04,0.399,0.131,no,
kn_001,kn,telephony_noisy,whisper-large-v3,none,ನನ್ನ EMI ಮುಂದಿನ ಸೋಮವಾರ ಕಟ್ ಆಗುತ್ತೆ,ನನ್ನ ಇಯಮ್ಮಾಯ್ ಮುಂದಿನುಕ್ಕೊ ಒಂವಾರ ಕಟ್ಟಾವಿತ್ತೆ.,0.8333,0.6176,0.8333,0.5882,1,0,0,3.04,0.382,0.126,no,
kn_002,kn,clean,whisper-large-v3,none,ನಾನು ನಿನ್ನೆ 2000 ರೂಪಾಯಿ UPI ಮೂಲಕ ಕಳಿಸಿದೆ,ನಾನು ನಿನ್ನೆ 2000 ರುಪಾಯಿ ಉಪೆ ಮುಳಕ ಗಳಿಸಿದೆ.,0.5714,0.2,0.5714,0.175,1,0,0,4.48,0.497,0.111,no,
kn_002,kn,telephony,whisper-large-v3,none,ನಾನು ನಿನ್ನೆ 2000 ರೂಪಾಯಿ UPI ಮೂಲಕ ಕಳಿಸಿದೆ,ನಾನು ನಿನ್ನೆ ಎಡುಸಾವಿರ ರುಪಾಯಿ ಉಪೆಯೆ ಮೂಲಕ ಗಳಿಸಿದೆ.,0.5714,0.4,0.5714,0.375,1,0,0,4.48,0.459,0.103,no,
kn_002,kn,telephony_noisy,whisper-large-v3,none,ನಾನು ನಿನ್ನೆ 2000 ರೂಪಾಯಿ UPI ಮೂಲಕ ಕಳಿಸಿದೆ,ನಾನು ನಿನ್ನೆ ಎಳ್ಡುಸಾವರ ರುಪಾಯು ಉಪೆಯು ಮೂಳಗ ಕಳಿಸಿದೆ.,0.7143,0.475,0.5714,0.45,1,0,0,4.48,0.455,0.101,no,
kn_003,kn,clean,whisper-large-v3,none,"ರಮೇಶ್ ಅವರೇ, ನಿಮ್ಮ KYC ಇನ್ನೂ ಕಂಪ್ಲೀಟ್ ಆಗಿಲ್ಲ",ರಮೆಶವರೆ ನಿಮ್ಮ ಕೇವಾಯಸಿ ಇನ್ನು ಕಂಪ್ಪಿಟಾಗಿಲ್ಲ.,0.8571,0.4651,0.8571,0.4286,1,0,0,3.75,0.374,0.1,no,
kn_003,kn,telephony,whisper-large-v3,none,"ರಮೇಶ್ ಅವರೇ, ನಿಮ್ಮ KYC ಇನ್ನೂ ಕಂಪ್ಲೀಟ್ ಆಗಿಲ್ಲ",ರಮೆಶವರೆ ನಿಮ್ಮ ಕೇವಾಯಸಿ ಇನ್ನು ಕಂಪ್ಲಿಟಾಗಿಲ್ಲಾ.,0.8571,0.4651,0.8571,0.4286,1,0,0,3.75,0.408,0.109,no,
kn_003,kn,telephony_noisy,whisper-large-v3,none,"ರಮೇಶ್ ಅವರೇ, ನಿಮ್ಮ KYC ಇನ್ನೂ ಕಂಪ್ಲೀಟ್ ಆಗಿಲ್ಲ",ಬರಮ್ಮಿಷವರು ಇಮ್ಮ ಕೇವಾಯಿತಿ ಇನ್ನು ಕಂಪ್ಪಿಟಾರ್ಜಿಲ್ಲಾನು,1.0,0.6512,1.0,0.6429,1,0,0,3.75,0.441,0.118,no,
kn_004,kn,clean,whisper-large-v3,none,ದಯವಿಟ್ಟು ನಿಮ್ಮ ವಿಳಾಸವನ್ನು ಮತ್ತೊಮ್ಮೆ ಹೇಳಿ,ದೈವಿಟು ನಿಮ್ಮ ವಿಳಾಸವನ್ನು ಮತ್ತಮೆ ಹೇಳಿ.,0.6,0.175,0.4,0.15,0,0,0,3.45,0.345,0.1,no,
kn_004,kn,telephony,whisper-large-v3,none,ದಯವಿಟ್ಟು ನಿಮ್ಮ ವಿಳಾಸವನ್ನು ಮತ್ತೊಮ್ಮೆ ಹೇಳಿ,ದೈವಿಟು ನಿಮ್ಮ ವಿಳಾಸವನ್ನು ಮತ್ತಮೆ ಹೇಳಿ,0.4,0.15,0.4,0.15,0,0,0,3.45,0.36,0.104,no,
kn_004,kn,telephony_noisy,whisper-large-v3,none,ದಯವಿಟ್ಟು ನಿಮ್ಮ ವಿಳಾಸವನ್ನು ಮತ್ತೊಮ್ಮೆ ಹೇಳಿ,ತಾಯಿವಿಕೆ ನಿಂಮಾದುಲಾಸೆ ವನ್ನು ಮಾತ್ತಮೆ ಹೇಲಿಸ್ತೆ?,1.0,0.625,1.0,0.6,0,0,0,3.45,0.433,0.126,no,
en_001,en,clean,whisper-large-v3,none,Please transfer 2500 rupees via UPI to Ramesh,Please transfer 2500 rupees via UPI to Ramesh.,0.125,0.0222,0.0,0.0,1,1,0,4.85,0.373,0.077,no,
en_001,en,telephony,whisper-large-v3,none,Please transfer 2500 rupees via UPI to Ramesh,Please transfer 2500 rupees via UPI to Ramesh.,0.125,0.0222,0.0,0.0,1,1,0,4.85,0.347,0.071,no,
en_001,en,telephony_noisy,whisper-large-v3,none,Please transfer 2500 rupees via UPI to Ramesh,Please transfer 2500 rupees via UPI to Ramesh.,0.125,0.0222,0.0,0.0,1,1,0,4.85,0.277,0.057,no,
en_002,en,clean,whisper-large-v3,none,My Aadhaar and PAN details were updated on 12 March,My Aadhar and Paan details were updated on 12th March.,0.4,0.1373,0.2,0.0392,2,0,0,5.1,0.429,0.084,no,
en_002,en,telephony,whisper-large-v3,none,My Aadhaar and PAN details were updated on 12 March,My Aadhaar and Paan details were updated on 12th March.,0.3,0.1176,0.1,0.0196,2,1,0,5.1,0.397,0.078,no,
en_002,en,telephony_noisy,whisper-large-v3,none,My Aadhaar and PAN details were updated on 12 March,My Aadhar and Paan details were updated on 12 March.,0.3,0.098,0.2,0.0392,2,0,0,5.1,0.333,0.065,no,
