clip_id,language,condition,flags,hypothesis
hi_001,hi,clean,,मेरी EMI आगले समवार को कठेगी
hi_001,hi,telephony,,मेरी EMI अगले समवार को कटेगी
hi_001,hi,telephony_noisy,,मेरी EMI आगले गंगार को कठीगी
hi_002,hi,clean,,मैंने कल 1500 रुपए यूपिये से बेजे थे
hi_002,hi,telephony,,मैंने कल 1500 रुपए UPS से बेजे थे
hi_002,hi,telephony_noisy,,मैंने कल पंडराजो रुपयो पियो से भेजेते हूँ
hi_003,hi,clean,,"सुरेश जी, आपका KYC अभी तक पूरा नहीं हुआ है।"
hi_003,hi,telephony,,"सुरेश जी, आपका KYC अभी तक पूरा नहीं हुआ है।"
hi_003,hi,telephony_noisy,,"Suresh Ji, आपका KYC अभी तक पूरा नहीं हुआ है"
hi_004,hi,clean,,कृपया अपना पता दुबारा बताईए
hi_004,hi,telephony,,कृपया अपना बता दुबारा बताईए
hi_004,hi,telephony_noisy,,कृपया अपना बताया दुबारो बतायी
kn_001,kn,clean,romanized_or_translated,I have to go to work on Monday
kn_001,kn,telephony,romanized_or_translated,I have a 9-week period before EMI.
kn_001,kn,telephony_noisy,romanized_or_translated;too_short,"IMI,"
kn_002,kn,clean,romanized_or_translated,I have given you 2000 rupees as a gift.
kn_002,kn,telephony,romanized_or_translated,I have given you 2000 rupees as a gift.
kn_002,kn,telephony_noisy,romanized_or_translated,I have given you Rs. 2000 from UPI.
kn_003,kn,clean,romanized_or_translated,"Rameshawar, your KYC has not been completed yet."
kn_003,kn,telephony,romanized_or_translated,"Rameshawari, your KYC has not been completed yet."
kn_003,kn,telephony_noisy,romanized_or_translated,"Mr. Ramesh, your KYC has not been completed yet."
kn_004,kn,clean,romanized_or_translated,Please tell me your name and address
kn_004,kn,telephony,romanized_or_translated,Please tell me your name and address
kn_004,kn,telephony_noisy,romanized_or_translated,"IWT, NIMODULAZO, NOMATOM, HELI"
en_001,en,clean,,Please transfer 2500 rupees via UPI to Ramesh.
en_001,en,telephony,,Please transfer 2500 rupees via UPI to Ramesh.
en_001,en,telephony_noisy,,Please transfer 2500 rupees via UPI to Ramesh.
en_002,en,clean,,My Aadhaar and PAN details were updated on 12th March.
en_002,en,telephony,,My Aadhaar and PAN details were updated on 12th March.
en_002,en,telephony_noisy,,My Aadhaar and PAN details were updated on 12 March.
